{"cameraMode":{"drawMode":0,"name":"Shaded","section":"Shading Mode"},"sceneLighting":false,"audioPlay":false,"sceneViewState":{"showFog":true,"showMaterialUpdate":false,"showSkybox":false,"showFlares":true,"showImageEffects":true,"showParticleSystems":true},"in2DMode":false,"pivot":{"x":-2.5661964416503908,"y":11.731882095336914,"z":-34.52362060546875},"rotation":{"x":-0.041887033730745319,"y":0.9531287550926209,"z":-0.15607492625713349,"w":-0.25579825043678286},"size":99.63702392578125,"orthographic":false}