{"cameraMode":{"drawMode":0,"name":"Shaded","section":"Shading Mode"},"sceneLighting":true,"audioPlay":false,"sceneViewState":{"showFog":true,"showMaterialUpdate":true,"showSkybox":true,"showFlares":true,"showImageEffects":true,"showParticleSystems":true},"in2DMode":false,"pivot":{"x":-0.0006313323974609375,"y":0.6983366012573242,"z":0.7080138325691223},"rotation":{"x":-0.3421970307826996,"y":0.15460225939750672,"z":-0.05719076842069626,"w":-0.9250566959381104},"size":903.097900390625,"orthographic":false}