{"cameraMode":{"drawMode":0,"name":"Shaded","section":"Shading Mode"},"sceneLighting":false,"audioPlay":false,"sceneViewState":{"showFog":true,"showMaterialUpdate":false,"showSkybox":false,"showFlares":true,"showImageEffects":true,"showParticleSystems":true},"in2DMode":false,"pivot":{"x":35.384376525878909,"y":-5.807059288024902,"z":-58.92084503173828},"rotation":{"x":-0.041887033730745319,"y":0.9531287550926209,"z":-0.15607492625713349,"w":-0.25579825043678286},"size":76.27104949951172,"orthographic":false}