{"cameraMode":{"drawMode":0,"name":"Shaded","section":"Shading Mode"},"sceneLighting":false,"audioPlay":false,"sceneViewState":{"showFog":true,"showMaterialUpdate":false,"showSkybox":false,"showFlares":true,"showImageEffects":true,"showParticleSystems":true},"in2DMode":false,"pivot":{"x":4.431811332702637,"y":1.3859891891479493,"z":-43.13530731201172},"rotation":{"x":-0.041887033730745319,"y":0.9531287550926209,"z":-0.15607492625713349,"w":-0.25579825043678286},"size":2.7144954204559328,"orthographic":false}