{"cameraMode":{"drawMode":0,"name":"Shaded","section":"Shading Mode"},"sceneLighting":false,"audioPlay":false,"sceneViewState":{"showFog":true,"showMaterialUpdate":false,"showSkybox":false,"showFlares":true,"showImageEffects":true,"showParticleSystems":true},"in2DMode":false,"pivot":{"x":4.859561920166016,"y":2.9507617950439455,"z":-8.618871688842774},"rotation":{"x":-0.041887033730745319,"y":0.9531287550926209,"z":-0.15607492625713349,"w":-0.25579825043678286},"size":86.87451171875,"orthographic":false}