{"cameraMode":{"drawMode":0,"name":"Shaded","section":"Shading Mode"},"sceneLighting":true,"audioPlay":false,"sceneViewState":{"showFog":true,"showMaterialUpdate":false,"showSkybox":true,"showFlares":true,"showImageEffects":true,"showParticleSystems":true},"in2DMode":false,"pivot":{"x":1.5003881454467774,"y":5.571428298950195,"z":-39.96949768066406},"rotation":{"x":-0.3421970307826996,"y":0.15460225939750672,"z":-0.05719076842069626,"w":-0.9250566959381104},"size":16.2187557220459,"orthographic":false}